,OriginalValidation,RectangularValidation,AR Mean,Difference
0,92.046875,93.421875,0.7043785,1.375
1,93.140625,93.65625,0.8062298,0.515625
2,93.84375,94.015625,1.0727887999999999,0.171875
3,95.03125,95.21875,1.3014546999999999,0.1875
4,94.203125,93.96875,1.3333299999999997,-0.234375
5,90.96875,91.875,1.3333299999999997,0.90625
6,94.328125,94.765625,1.4068688999999994,0.4375
7,93.97865853658537,94.49314024390245,1.585773536585366,0.5144817073170742
